Old Name,New Name
First Niagara Center,KeyBank Center
HSBC Arena,KeyBank Center
Consol Energy Center,PPG Paints Arena
SAP Center at San Jose,SAP Center
Northlands Coliseum,Rexall Place
MTS Centre,Bell MTS Place
Jobing.com Arena,Gila River Arena
HP Pavilion at San Jose,SAP Center
Tampa Bay Times Forum,Amalie Arena
St. Pete Times Forum,Amalie Arena
BankAtlantic Center,BB&T Center
Scotiabank Place,Canadian Tire Centre
RBC Center,PNC Arena
Camden Yards,Oriole Park at Camden Yards
Great American Ball Park,Great American Ballpark
Globe Life Park in Arlington,Globe Life Park
US Cellular Field,Guaranteed Rate Field